Designator,Mid X,Mid Y,Rotation,Layer
C201,177.399051,-84.2,90.0,top
C202,181.399051,-84.2,90.0,top
C203,185.399051,-84.2,90.0,top
C204,179.399051,-84.2,90.0,top
C205,202.599051,-77.5,90.0,top
C206,187.399051,-84.2,90.0,top
C207,183.399051,-84.2,90.0,top
C208,200.599051,-77.5,90.0,top
C209,176.899051,-82.8,0.0,top
C210,180.899051,-82.8,0.0,top
C211,184.899051,-82.8,0.0,top
C212,178.899051,-82.8,0.0,top
C213,202.099051,-76.1,0.0,top
C214,186.899051,-82.8,0.0,top
C215,182.919051,-82.8,0.0,top
C216,200.099051,-76.1,0.0,top
C301,204.599051,-77.5,90.0,top
C302,199.699051,-80.8,90.0,top
C303,203.599051,-80.8,90.0,top
C304,201.699051,-80.8,90.0,top
C305,204.099051,-76.1,0.0,top
C306,199.199051,-79.4,0.0,top
C307,203.099051,-79.4,0.0,top
C308,201.199051,-79.4,0.0,top
C309,178.949179,-124.061145,180.0,top
C401,202.799051,-84.2,90.0,top
C402,204.799051,-84.2,90.0,top
C403,206.799051,-84.2,90.0,top
C404,210.799051,-84.2,90.0,top
C405,202.299051,-82.8,0.0,top
C406,204.299051,-82.8,0.0,top
C407,206.299051,-82.8,0.0,top
C408,210.299051,-82.8,0.0,top
C409,214.799051,-84.2,90.0,top
C410,216.799051,-84.2,90.0,top
C411,212.799051,-84.2,90.0,top
C412,208.799051,-84.2,90.0,top
C413,214.299051,-82.8,0.0,top
C414,216.299051,-82.8,0.0,top
C415,212.299051,-82.8,0.0,top
C416,208.299051,-82.8,0.0,top
C417,205.599051,-80.8,90.0,top
C418,198.799051,-84.2,90.0,top
C419,200.799051,-84.2,90.0,top
C420,196.799051,-84.2,90.0,top
C421,205.099051,-79.4,0.0,top
C422,198.299051,-82.8,0.0,top
C423,200.299051,-82.75,0.0,top
C424,196.299051,-82.8,0.0,top
C501,185.899051,-91.5,90.0,top
C502,206.499051,-107.2,0.0,top
C503,204.699051,-99.0,180.0,top
C504,199.399051,-106.1,0.0,top
C505,190.599051,-111.4,90.0,top
C506,196.099051,-96.3,90.0,top
C507,185.599051,-100.7,270.0,top
C508,192.899051,-102.7,270.0,top
C509,194.599051,-99.9,270.0,top
C510,195.299051,-104.7,180.0,top
C511,185.899051,-88.5,270.0,top
C512,185.899051,-94.5,90.0,top
C513,194.999051,-87.6,90.0,top
C514,194.499051,-80.3,270.0,top
C515,209.399051,-105.5,270.0,top
C516,208.899051,-99.475,270.0,top
C517,200.099051,-111.8,0.0,top
C518,194.399051,-109.0,0.0,top
C519,202.799051,-97.0,0.0,top
C601,160.749051,-69.865,180.0,top
C602,171.749051,-69.115,0.0,top
C603,166.499051,-68.115,0.0,top
C604,160.749051,-72.865,180.0,top
C605,171.749051,-75.115,180.0,top
C606,160.749051,-71.365,0.0,top
C607,171.749051,-70.615,0.0,top
C608,165.299051,-79.8,270.0,top
C609,171.699051,-77.122371,0.0,top
C610,167.449051,-86.122371,270.0,top
C611,162.049051,-86.525,270.0,top
C612,165.299051,-82.8,270.0,top
C613,172.799051,-82.7,270.0,top
C614,171.6,-64.5,180.0,top
C615,170.9,-66.8,90.0,top
C701,194.999051,-78.0,0.0,top
C702,181.399051,-75.4,90.0,top
C703,181.299051,-80.7,90.0,top
C704,183.424051,-77.7,180.0,top
C705,187.299051,-80.45,270.0,top
C706,195.099051,-65.8,90.0,top
C707,198.089051,-67.1,90.0,top
C708,196.599051,-67.1,90.0,top
C709,199.599051,-67.2,90.0,top
C710,201.099051,-67.2,90.0,top
C711,184.499051,-63.6,180.0,top
C712,199.299051,-64.7,180.0,top
C713,195.999051,-80.3,270.0,top
C714,179.899051,-72.4,90.0,top
C715,197.049051,-62.95,180.0,top
D201,176.936551,-105.285,90.0,top
D301,180.524051,-114.585,90.0,top
D601,171.8,-60.2,90.0,top
D701,190.699051,-62.0,90.0,top
J401,213.399051,-98.2,270.0,top
J402,213.399051,-115.875,270.0,top
J702,214.141052,-72.15,270.0,top
J703,192.119051,-54.375,180.0,top
P601,160.729051,-61.95,270.0,top
Q201,171.419172,-94.211594,270.0,top
Q202,171.686551,-106.975,90.0,top
Q301,167.199051,-120.55,270.0,top
Q401,201.049051,-115.7,270.0,top
Q402,201.049051,-122.7,90.0,top
Q403,191.799051,-117.2,270.0,top
R201,176.399051,-84.2,90.0,top
R202,180.399051,-84.2,90.0,top
R203,184.399051,-84.2,90.0,top
R204,178.399051,-84.25,90.0,top
R205,201.599051,-77.5,90.0,top
R206,186.399051,-84.2,90.0,top
R207,182.399051,-84.2,90.0,top
R208,199.649051,-77.5,90.0,top
R209,177.186551,-98.225,270.0,top
R210,179.186551,-98.275,270.0,top
R211,166.686551,-100.475,270.0,top
R212,164.936551,-100.475,270.0,top
R213,163.186551,-100.475,270.0,top
R214,161.436551,-100.475,270.0,top
R215,181.186551,-98.225,270.0,top
R216,183.186551,-98.225,270.0,top
R301,203.599051,-77.5,90.0,top
R302,198.699051,-80.8,90.0,top
R303,202.649051,-80.8,90.0,top
R304,200.749051,-80.8,90.0,top
R305,174.199051,-118.85,270.0,top
R306,172.199051,-115.65,270.0,top
R307,172.199051,-118.85,270.0,top
R308,160.199051,-118.85,270.0,top
R309,162.199051,-115.85,270.0,top
R310,162.199051,-118.85,270.0,top
R311,162.199051,-112.85,270.0,top
R401,201.799051,-84.2,90.0,top
R402,203.799051,-84.2,90.0,top
R403,205.799051,-84.2,90.0,top
R404,209.799051,-84.2,90.0,top
R405,207.624051,-112.45,180.0,top
R406,207.624051,-113.95,180.0,top
R407,207.599051,-115.45,180.0,top
R408,213.799051,-84.2,90.0,top
R409,215.799051,-84.19,90.0,top
R410,211.799051,-84.2,90.0,top
R411,207.799051,-84.2,90.0,top
R414,204.599051,-80.8,90.0,top
R415,197.799051,-84.2,90.0,top
R416,199.799051,-84.18,90.0,top
R417,195.799051,-84.2,90.0,top
R501,203.799051,-101.6,90.0,top
R502,203.299051,-105.7,270.0,top
R503,189.299051,-108.95,0.0,top
R504,185.599051,-103.7,90.0,top
R505,203.549051,-94.7,90.0,top
R506,202.049051,-94.7,270.0,top
R601,163.999051,-74.865,180.0,top
R602,160.749051,-74.865,180.0,top
R603,171.749051,-73.615,180.0,top
R604,171.749051,-72.115,0.0,top
R605,168.949051,-86.122371,90.0,top
R606,160.049051,-80.525,90.0,top
R608,160.549051,-86.525,90.0,top
R610,167.949051,-76.372371,270.0,top
R611,164.299051,-85.785,0.0,top
R612,164.299051,-87.275,180.0,top
R613,171.949051,-85.372371,180.0,top
R614,171.949051,-86.872371,0.0,top
R616,172.4,-66.825,270.0,top
R701,184.799051,-61.7,0.0,top
R702,184.799051,-60.6,0.0,top
R703,181.399051,-72.4,270.0,top
R704,197.499051,-80.3,90.0,top
SW701,210.569051,-54.926,270.0,top
SW702,207.779051,-61.724,90.0,top
U201,171.686551,-101.225,270.0,top
U301,167.199051,-114.55,270.0,top
U302,180.549051,-120.55,270.0,top
U501,206.549051,-104.7,0.0,top
U502,206.549051,-96.5,0.0,top
U503,199.549051,-108.95,270.0,top
U504,193.549051,-111.45,0.0,top
U505,199.049051,-101.45,90.0,top
U506,189.414051,-103.725,0.0,top
U507,190.549051,-93.45,0.0,top
U508,191.049051,-84.2,180.0,top
U509,198.936551,-96.25,0.0,top
U601,166.414051,-71.325,90.0,top
U602,169.604051,-81.302371,180.0,top
U603,162.579051,-81.355,180.0,top
U701,202.049051,-71.45,270.0,top
U702,184.299051,-80.45,0.0,top
U703,187.799051,-62.4,90.0,top
U704,189.049051,-71.7,0.0,top
U705,197.999051,-57.8,270.0,top
